/watch?v=lkx2BJcnyxk&amp;list=PLGAnmvB9m7zOBVCZBUUmSinFV0wEir2Vw&amp;index=1
/watch?v=lsRbaLl0PL8&amp;list=PLGAnmvB9m7zOBVCZBUUmSinFV0wEir2Vw&amp;index=2
/watch?v=rk__T8_kVc8&amp;list=PLGAnmvB9m7zOBVCZBUUmSinFV0wEir2Vw&amp;index=3
/watch?v=IG-aN3VHr1I&amp;list=PLGAnmvB9m7zOBVCZBUUmSinFV0wEir2Vw&amp;index=4
/watch?v=cRCaud-3AsY&amp;list=PLGAnmvB9m7zOBVCZBUUmSinFV0wEir2Vw&amp;index=5
/watch?v=mksFS97_RMs&amp;list=PLGAnmvB9m7zOBVCZBUUmSinFV0wEir2Vw&amp;index=6
/watch?v=y6jRJ11ibMo&amp;list=PLGAnmvB9m7zOBVCZBUUmSinFV0wEir2Vw&amp;index=7
/watch?v=GNg5drGm4JE&amp;list=PLGAnmvB9m7zOBVCZBUUmSinFV0wEir2Vw&amp;index=8&amp;t=1s
/watch?v=SoV7-w8x8pk&amp;list=PLGAnmvB9m7zOBVCZBUUmSinFV0wEir2Vw&amp;index=9
/watch?v=LlbzPlS3ZQk&amp;list=PLGAnmvB9m7zOBVCZBUUmSinFV0wEir2Vw&amp;index=10
/watch?v=Vf8z6XA7LJE&amp;list=PLGAnmvB9m7zOBVCZBUUmSinFV0wEir2Vw&amp;index=11&amp;t=517s
/watch?v=O3LDK6LKcME&amp;list=PLGAnmvB9m7zOBVCZBUUmSinFV0wEir2Vw&amp;index=12
/watch?v=zzVBTNf6Z3M&amp;list=PLGAnmvB9m7zOBVCZBUUmSinFV0wEir2Vw&amp;index=13
/watch?v=cbcgfl-FYuQ&amp;list=PLGAnmvB9m7zOBVCZBUUmSinFV0wEir2Vw&amp;index=14
/watch?v=XatRHhaUOws&amp;list=PLGAnmvB9m7zOBVCZBUUmSinFV0wEir2Vw&amp;index=15
/watch?v=JwHnmznnMAc&amp;list=PLGAnmvB9m7zOBVCZBUUmSinFV0wEir2Vw&amp;index=16&amp;t=21s
/watch?v=16RepOJMUbM&amp;list=PLGAnmvB9m7zOBVCZBUUmSinFV0wEir2Vw&amp;index=17
/watch?v=NfoS22DasmE&amp;list=PLGAnmvB9m7zOBVCZBUUmSinFV0wEir2Vw&amp;index=18
/watch?v=zlmh4JSTijI&amp;list=PLGAnmvB9m7zOBVCZBUUmSinFV0wEir2Vw&amp;index=19&amp;t=226s
/watch?v=8HIk65B4CIM&amp;list=PLGAnmvB9m7zOBVCZBUUmSinFV0wEir2Vw&amp;index=20
/watch?v=znJ0TO0RY6I&amp;list=PLGAnmvB9m7zOBVCZBUUmSinFV0wEir2Vw&amp;index=21
/watch?v=MkYzm4W9p6U&amp;list=PLGAnmvB9m7zOBVCZBUUmSinFV0wEir2Vw&amp;index=22
/watch?v=Bl3kQu5djSg&amp;list=PLGAnmvB9m7zOBVCZBUUmSinFV0wEir2Vw&amp;index=23
/watch?v=KZetRHUtT0M&amp;list=PLGAnmvB9m7zOBVCZBUUmSinFV0wEir2Vw&amp;index=24
/watch?v=itYPJY85FJg&amp;list=PLGAnmvB9m7zOBVCZBUUmSinFV0wEir2Vw&amp;index=25
/watch?v=Ks_4aRkAyhk&amp;list=PLGAnmvB9m7zOBVCZBUUmSinFV0wEir2Vw&amp;index=26
/watch?v=i40zPJy8LEA&amp;list=PLGAnmvB9m7zOBVCZBUUmSinFV0wEir2Vw&amp;index=27
/watch?v=Sp_zKfuuawo&amp;list=PLGAnmvB9m7zOBVCZBUUmSinFV0wEir2Vw&amp;index=28
/watch?v=WooOAHnfdhw&amp;list=PLGAnmvB9m7zOBVCZBUUmSinFV0wEir2Vw&amp;index=29
/watch?v=mvyiBQwvyLc&amp;list=PLGAnmvB9m7zOBVCZBUUmSinFV0wEir2Vw&amp;index=30&amp;t=228s
/watch?v=JaD9FGpRYBg&amp;list=PLGAnmvB9m7zOBVCZBUUmSinFV0wEir2Vw&amp;index=31
/watch?v=VxIg4c1fBWA&amp;list=PLGAnmvB9m7zOBVCZBUUmSinFV0wEir2Vw&amp;index=32
/watch?v=NIwyebPnqHw&amp;list=PLGAnmvB9m7zOBVCZBUUmSinFV0wEir2Vw&amp;index=33
/watch?v=ySQ_f4Lh9AU&amp;list=PLGAnmvB9m7zOBVCZBUUmSinFV0wEir2Vw&amp;index=34
/watch?v=VmpdsIs78p0&amp;list=PLGAnmvB9m7zOBVCZBUUmSinFV0wEir2Vw&amp;index=35
/watch?v=xyhaYHGZN-w&amp;list=PLGAnmvB9m7zOBVCZBUUmSinFV0wEir2Vw&amp;index=36
/watch?v=RiB4xWbK62c&amp;list=PLGAnmvB9m7zOBVCZBUUmSinFV0wEir2Vw&amp;index=37
/watch?v=VB_tGYSFmJE&amp;list=PLGAnmvB9m7zOBVCZBUUmSinFV0wEir2Vw&amp;index=38
/watch?v=a60r50XvtVo&amp;list=PLGAnmvB9m7zOBVCZBUUmSinFV0wEir2Vw&amp;index=39
/watch?v=DmFRusu-IfE&amp;list=PLGAnmvB9m7zOBVCZBUUmSinFV0wEir2Vw&amp;index=40
/watch?v=TJ9clajl0Vg&amp;list=PLGAnmvB9m7zOBVCZBUUmSinFV0wEir2Vw&amp;index=41
/watch?v=3WkxhuzcSCE&amp;list=PLGAnmvB9m7zOBVCZBUUmSinFV0wEir2Vw&amp;index=42
/watch?v=jWo65wklbYM&amp;list=PLGAnmvB9m7zOBVCZBUUmSinFV0wEir2Vw&amp;index=43
/watch?v=abxZ41qiwIM&amp;list=PLGAnmvB9m7zOBVCZBUUmSinFV0wEir2Vw&amp;index=44
/watch?v=6p9yOH_VK60&amp;list=PLGAnmvB9m7zOBVCZBUUmSinFV0wEir2Vw&amp;index=45
/watch?v=oL5jiCfBNRo&amp;list=PLGAnmvB9m7zOBVCZBUUmSinFV0wEir2Vw&amp;index=46
/watch?v=RdaflWPVFNE&amp;list=PLGAnmvB9m7zOBVCZBUUmSinFV0wEir2Vw&amp;index=47
/watch?v=3NdI4DHJ8Ro&amp;list=PLGAnmvB9m7zOBVCZBUUmSinFV0wEir2Vw&amp;index=48
/watch?v=wbMDQPRpNRc&amp;list=PLGAnmvB9m7zOBVCZBUUmSinFV0wEir2Vw&amp;index=49
/watch?v=pmQ8cfZiXl0&amp;list=PLGAnmvB9m7zOBVCZBUUmSinFV0wEir2Vw&amp;index=50
